{
  "version": 1,
  "author": "Sandeep Roy",
  "editor": "wokwi",
  "parts": [
    {
      "type": "wokwi-pi-pico",
      "id": "pico",
      "top": 1.34,
      "left": -128.66,
      "attrs": { "env": "micropython-20220117-v1.18" }
    },
    { "type": "wokwi-servo", "id": "servo1", "top": 28.28, "left": 50.02, "attrs": {} }
  ],
  "connections": [
    [ "servo1:GND", "pico:GND.8", "black", [ "h-34.66", "v-42.92" ] ],
    [ "servo1:PWM", "pico:GP16", "green", [ "h-67.33", "v95.41" ] ],
    [ "servo1:V+", "pico:3V3_EN", "green", [ "h-71.33", "v-45.09" ] ]
  ]
}