{
  "version": 1,
  "author": "Anonymous maker",
  "editor": "wokwi",
  "parts": [
    {
      "type": "wokwi-pi-pico",
      "id": "pico",
      "top": 16,
      "left": 48,
      "attrs": { "env": "micropython-20220117-v1.18" }
    },
    {
      "type": "wokwi-led",
      "id": "led1",
      "top": 23.51,
      "left": -118.98,
      "attrs": { "color": "red" }
    },
    {
      "type": "wokwi-resistor",
      "id": "r1",
      "top": -26.49,
      "left": -26.98,
      "attrs": { "value": "1000" }
    },
    {
      "type": "wokwi-led",
      "id": "led2",
      "top": 20.18,
      "left": -174.98,
      "attrs": { "color": "red" }
    }
  ],
  "connections": [
    [ "led1:A", "pico:GP15", "green", [ "v0" ] ],
    [ "r1:2", "pico:GND.8", "green", [ "v-2.6", "h143.67", "v68" ] ],
    [ "led2:A", "pico:GP14", "green", [ "v0" ] ],
    [ "led2:C", "r1:1", "green", [ "v3.07", "h-24.67", "v-80.67" ] ],
    [ "led1:C", "r1:1", "green", [ "v0.4", "h-26", "v-78.67" ] ]
  ]
}